<?xml version="1.0" encoding="UTF-8"?>
<project-private xmlns="http://www.netbeans.org/ns/project-private/1">
    <editor-bookmarks xmlns="http://www.netbeans.org/ns/editor-bookmarks/2" lastBookmarkId="0"/>
    <open-files xmlns="http://www.netbeans.org/ns/projectui-open-files/2">
        <group>
            <file>file:/C:/Users/kevin/Desktop/Generarticket/src/vistas/Ticket.java</file>
            <file>file:/C:/Users/kevin/Desktop/Generarticket/src/vistas/Asientos.java</file>
            <file>file:/C:/Users/kevin/Desktop/Generarticket/src/principal/Login.java</file>
            <file>file:/C:/Users/kevin/Desktop/Generarticket/src/vistas/Principal.java</file>
            <file>file:/C:/Users/kevin/Desktop/Generarticket/src/vistas/Pedidos.java</file>
            <file>file:/C:/Users/kevin/Desktop/Generarticket/src/vistas/Clientes.java</file>
            <file>file:/C:/Users/kevin/Desktop/Generarticket/src/clases/Controlador.java</file>
        </group>
    </open-files>
</project-private>
